_id,author,content,createAt,post,state
62431f0ddace15e7fa021a79,6238871065370d99eada25c5,#上海税务局回应网曝疑赵丽颖涉嫌偷漏税#这都能热一请问什么时候整治新浪 ,2022-03-29T15:00:29.699Z,62431abc020939f9a8bf853b,1
62431f19dace15e7fa021a8c,6238871065370d99eada25c5,#上海税务局回应网曝疑赵丽颖涉嫌偷漏税#我感觉也快是了。,2022-03-29T15:00:41.633Z,62431abc020939f9a8bf853b,0
62431f23dace15e7fa021a9f,6238871065370d99eada25c5,"#上海税务局回应网曝疑赵丽颖涉嫌偷漏税#
我将永远捍卫我家丽颖，我会永远相信我家丽颖，“我们不惹事，但也不怕事”",2022-03-29T15:00:51.715Z,62431abc020939f9a8bf853b,0
62431f30dace15e7fa021ab2,6238871065370d99eada25c5,#上海税务局回应网曝疑赵丽颖涉嫌偷漏税#现在娱乐圈黑人真是下死手，直接奔着封杀去的[汗]吃了半天瓜发这个消息的好像还是渣浪的员工，搞半天清朗渣浪自己就是造谣的源头啊[挖鼻] ​,2022-03-29T15:01:04.175Z,62431abc020939f9a8bf853b,0
62431f37dace15e7fa021ac5,6238871065370d99eada25c5,#上海税务局回应网曝疑赵丽颖涉嫌偷漏税#颖也太惨了[黑线] ​,2022-03-29T15:01:11.484Z,62431abc020939f9a8bf853b,0
62431f82dace15e7fa021b03,6238871065370d99eada25c5,长春多个网友曝料:冒着大雨送菜，这也太辛苦了！哦不对，摆拍送菜，真的是无语了！,2022-03-29T15:02:26.043Z,62431a66020939f9a8bf852c,0
62431f8bdace15e7fa021b16,6238871065370d99eada25c5,#浦东疫情#看到这么多的求助忧心不已！承认失误不行的话及时求助外省，不要欺上瞒下，尽快渡过难关！ ,2022-03-29T15:02:35.998Z,62431a66020939f9a8bf852c,0
62431f9cdace15e7fa021b45,6238871065370d99eada25c5,#浦东疫情#我是万万没想到，这辈子会睡食堂[汗]，疫情快过去吧，到头来折腾的还是基层。 ​,2022-03-29T15:02:52.140Z,62431b50ce520c2f2025cbd2,0
62431fa3dace15e7fa021b58,6238871065370d99eada25c5,#浦东疫情# 看了话题页里的内容，真的不敢相信这些事发生在新冠两年后的2022…上海政府是真的垃圾啊 ​,2022-03-29T15:02:59.491Z,62431b50ce520c2f2025cbd2,0
62431facdace15e7fa021b6b,6238871065370d99eada25c5,#浦东疫情#上海在我认知的范围内不可能出现这种情况啊，一直防疫都很牛逼的啊 ​,2022-03-29T15:03:08.469Z,62431b50ce520c2f2025cbd2,0
62431fbddace15e7fa021b9a,6238871065370d99eada25c5,#浦东疫情# 现在上海疫情这么严重完全都是上海 封了解 解了封 造成的 一次次要封小区前 超市 菜场人挤人 基本是脸贴脸的状态了 怎么能不聚集感染 ​​​,2022-03-29T15:03:25.253Z,62431b9cce520c2f2025cbe8,0
62431fc5dace15e7fa021bad,6238871065370d99eada25c5,#浦东疫情#每天晚上睡觉前打开微博看看大家今天是怎么骂的[二哈] ​,2022-03-29T15:03:33.245Z,62431b9cce520c2f2025cbe8,0
62431fd7dace15e7fa021bdc,6238871065370d99eada25c5,#浦东疫情# @上海发布 多关注民生吧！多少悲剧产生了，还在控评呢！！多做点实事吧。比删评论有用！@人民日报 @央视新闻,2022-03-29T15:03:51.657Z,62431c72ce520c2f2025cc14,0
62431fefdace15e7fa021c18,6238871065370d99eada25c5,#照护3岁以下婴幼儿这样减个税# 这个可以有！ ​,2022-03-29T15:04:15.857Z,62431b76ce520c2f2025cbdd,0
62431ff6dace15e7fa021c2b,6238871065370d99eada25c5,#照护3岁以下婴幼儿这样减个税#呵，只养到三岁？ ​,2022-03-29T15:04:22.296Z,62431b76ce520c2f2025cbdd,0
62432012dace15e7fa021c67,6238871065370d99eada25c5,"#照护3岁以下婴幼儿这样减个税#
这个rs怎么挂了一天了，不至于这样“鼓励”生育吧 ​",2022-03-29T15:04:50.440Z,62431bc8ce520c2f2025cbf3,0
6243201adace15e7fa021c7a,6238871065370d99eada25c5,#照护3岁以下婴幼儿这样减个税#啥意思？ ​,2022-03-29T15:04:58.024Z,62431bc8ce520c2f2025cbf3,0
6243202fdace15e7fa021ca9,6238871065370d99eada25c5,"#不要再emo啦#
emo的时候得找疗愈手段！不如来听久石让的钢琴曲！瞬间开心起来",2022-03-29T15:05:19.651Z,62431bf3ce520c2f2025cbfe,0
62432037dace15e7fa021cbc,6238871065370d99eada25c5,#不要再emo啦#没什么大不了啦 你要明白那只是你的执念在作祟！ ​,2022-03-29T15:05:27.212Z,62431bf3ce520c2f2025cbfe,0
62432052dace15e7fa021ccf,6238871065370d99eada25c5,"#不要再emo啦#
在这世界上，
什么东西都没有快乐的活着更重要
只有你开开心心的活着，
快乐每一天，你才会发现，
以后有很多美好在等着你…
……
希望你快乐",2022-03-29T15:05:54.837Z,62431bf3ce520c2f2025cbfe,0